id,make,model,year,Cost
1,Mercedes-Benz,C-Class,2006,"€15032,57"
2,Dodge,Journey,2009,"€4801,83"
3,Maserati,430,1991,"€16801,09"
4,Suzuki,Swift,1987,"€6977,00"
5,Infiniti,G,1992,"€1470,05"
6,Dodge,Stratus,1998,"€20730,74"
7,Land Rover,Freelander,2001,"€16829,08"
8,Pontiac,G6,2009,"€9030,87"
9,Mercury,Lynx,1985,"€6145,46"
10,Toyota,Echo,2002,"€18304,94"
11,Nissan,Maxima,1996,"€3975,26"
12,Ford,Econoline E350,1998,"€17688,80"
13,Subaru,Forester,2002,"€8615,79"
14,Mazda,626,1997,"€20481,33"
15,BMW,760,2006,"€16995,98"
16,Nissan,Pathfinder,2012,"€22376,10"
17,Kia,Sedona,2002,"€14352,95"
18,Suzuki,Daewoo Magnus,2006,"€21208,55"
19,Subaru,Legacy,2003,"€5960,30"
20,BMW,5 Series,2006,"€12783,04"
21,Ford,E-Series,2006,"€12343,64"
22,Suzuki,Verona,2006,"€8543,25"
23,Chrysler,Concorde,2001,"€4418,38"
24,Chevrolet,Camaro,1973,"€6393,49"
25,Dodge,Avenger,2008,"€13443,70"
26,Nissan,Rogue,2008,"€5354,07"
27,Lexus,SC,2003,"€16915,07"
28,Peugeot,207,2006,"€2209,72"
29,Isuzu,Space,1993,"€18980,52"
30,Volkswagen,Fox,1987,"€15452,08"
31,GMC,Yukon,2008,"€16429,44"
32,Volkswagen,Tiguan,2011,"€18536,82"
33,Dodge,Dakota Club,2007,"€9793,13"
34,Ford,Thunderbird,1992,"€22049,37"
35,Mazda,RX-8,2007,"€10401,54"
36,Dodge,Ram 2500,2007,"€15753,06"
37,Buick,Enclave,2010,"€7425,80"
38,Chrysler,Town & Country,1994,"€6367,38"
39,Mitsubishi,Tredia,1984,"€6667,72"
40,Chevrolet,2500,1999,"€22711,61"
41,Chevrolet,Suburban 2500,2000,"€1320,02"
42,Ford,E150,2011,"€8654,37"
43,Chevrolet,APV,1992,"€16363,88"
44,Audi,Coupe Quattro,1991,"€2082,97"
45,Mitsubishi,Montero,2003,"€24525,05"
46,Honda,Accord,1990,"€13910,85"
47,Dodge,Ram 1500,1997,"€9759,54"
48,Toyota,MR2,2004,"€22606,85"
49,BMW,5 Series,2012,"€3339,99"
50,Mitsubishi,Outlander,2010,"€5828,74"
51,Buick,Century,1994,"€16919,94"
52,Ford,Mustang,1970,"€4668,52"
53,Nissan,Altima,2006,"€7740,39"
54,Chevrolet,Astro,1994,"€4759,98"
55,Kia,Sorento,2008,"€5197,24"
56,Acura,MDX,2002,"€14571,69"
57,Buick,Skyhawk,1987,"€15524,03"
58,Toyota,Prius,2004,"€14510,22"
59,Ford,Taurus,1997,"€2521,42"
60,Dodge,Caravan,2008,"€6654,80"
61,Ford,E-Series,1988,"€3470,95"
62,Mazda,Mazdaspeed 3,2009,"€8722,35"
63,Pontiac,Grand Am,2003,"€19940,57"
64,Ferrari,612 Scaglietti,2007,"€9621,63"
65,BMW,Z3,2000,"€16486,25"
66,Lincoln,Town Car,1984,"€18747,07"
67,Porsche,Cayenne,2004,"€18564,61"
68,BMW,X5,2008,"€15117,23"
69,Volkswagen,New Beetle,2007,"€2552,68"
70,GMC,Yukon,2005,"€6564,74"
71,Toyota,Tacoma,1996,"€2450,14"
72,Pontiac,Trans Sport,1993,"€8935,25"
73,Saab,900,1995,"€7410,80"
74,Ford,LTD Crown Victoria,1987,"€15968,79"
75,Nissan,Sentra,1999,"€19323,17"
76,Hyundai,Tucson,2012,"€24306,11"
77,Chevrolet,Uplander,2006,"€13681,76"
78,Honda,Fit,2010,"€4630,20"
79,GMC,Envoy,2007,"€5693,20"
80,Audi,A6,2007,"€14657,24"
81,BMW,M3,1996,"€6638,42"
82,Ford,F-Series,2005,"€21142,00"
83,Chrysler,Crossfire Roadster,2006,"€4516,67"
84,Cadillac,CTS,2012,"€9987,26"
85,Subaru,Outback,2005,"€19397,55"
86,Chevrolet,S10 Blazer,1992,"€10236,85"
87,Ford,Mustang,2007,"€23814,64"
88,BMW,X5,2009,"€24900,22"
89,GMC,Yukon,2009,"€17805,03"
90,Infiniti,I,1996,"€14726,06"
91,Ford,Mustang,1987,"€9369,67"
92,BMW,X5,2008,"€5215,40"
93,Hummer,H2,2008,"€12733,25"
94,Hyundai,Entourage,2007,"€18043,72"
95,Hyundai,Santa Fe,2002,"€4105,78"
96,Suzuki,Cultus,1985,"€17811,93"
97,Chevrolet,Express 2500,2001,"€10286,47"
98,Ford,Escort,1987,"€20025,14"
99,Ford,Mustang,2008,"€9248,07"
100,Ford,Escort,1990,"€5318,67"
101,Maybach,62,2005,"€24366,37"
102,Toyota,Land Cruiser,2004,"€24997,85"
103,Acura,RSX,2006,"€15134,55"
104,Mercedes-Benz,SLK-Class,2006,"€12807,93"
105,Mitsubishi,Diamante,1992,"€18001,51"
106,GMC,Jimmy,1993,"€19774,28"
107,Cadillac,DTS,2009,"€16005,37"
108,Aston Martin,Rapide,2011,"€7429,73"
109,Nissan,Rogue,2008,"€1186,61"
110,Mercedes-Benz,E-Class,1991,"€1998,18"
111,Porsche,Cayenne,2006,"€10832,07"
112,MINI,Countryman,2011,"€14722,19"
113,Mercury,Mariner,2008,"€7677,65"
114,GMC,3500 Club Coupe,1995,"€3420,28"
115,Volkswagen,Golf,1998,"€10117,61"
116,Suzuki,Swift,2006,"€7800,22"
117,Porsche,911,1987,"€1403,00"
118,Chevrolet,Express 2500,2011,"€18556,49"
119,Ford,Freestar,2006,"€1308,55"
120,Buick,Estate,1989,"€7145,66"
121,Pontiac,Grand Am,1989,"€1682,05"
122,Jaguar,X-Type,2003,"€13587,96"
123,Isuzu,i-Series,2008,"€11558,84"
124,GMC,2500 Club Coupe,1995,"€9135,19"
125,Land Rover,Range Rover,2011,"€15671,48"
126,Ford,E-Series,2012,"€14369,10"
127,Suzuki,Kizashi,2011,"€17085,99"
128,Honda,Prelude,1993,"€22551,11"
129,Acura,Legend,1995,"€12922,70"
130,Pontiac,Sunbird,1986,"€24154,03"
131,Buick,Coachbuilder,1990,"€23058,03"
132,Lexus,GS,2006,"€14555,49"
133,Ford,Econoline E150,2002,"€17948,27"
134,Chevrolet,Tahoe,2005,"€12211,02"
135,Lotus,Elan,1992,"€12894,35"
136,Ford,E-Series,2003,"€11395,15"
137,Nissan,Maxima,2012,"€9843,23"
138,Subaru,Justy,1991,"€22664,00"
139,Mitsubishi,Starion,1984,"€10964,64"
140,Suzuki,XL-7,2004,"€12780,29"
141,Volkswagen,Corrado,1993,"€20783,91"
142,Volkswagen,Golf III,1994,"€22924,90"
143,Pontiac,G6,2006,"€15939,20"
144,Mazda,MX-3,1992,"€10495,18"
145,Ford,Ranger,2000,"€2474,25"
146,Ford,EXP,1985,"€19504,63"
147,Pontiac,Bonneville,1992,"€23949,71"
148,Saab,9-5,2004,"€12455,83"
149,Nissan,200SX,1997,"€16560,69"
150,Audi,V8,1994,"€23151,83"
151,Nissan,Maxima,2011,"€15747,85"
152,Bentley,Continental,2008,"€12183,00"
153,Suzuki,Daewoo Magnus,2005,"€13175,45"
154,Volkswagen,Jetta,2005,"€17874,17"
155,Ford,Explorer Sport Trac,2005,"€6499,01"
156,Mazda,Miata MX-5,1992,"€15298,82"
157,Suzuki,Swift,1992,"€5002,09"
158,Volvo,C30,2010,"€6157,55"
159,Volkswagen,Passat,1985,"€2165,05"
160,Infiniti,Q,1996,"€23949,07"
161,Lexus,IS-F,2008,"€14811,72"
162,Ford,Mustang,1971,"€16435,37"
163,Mazda,MX-6,1996,"€2407,81"
164,Buick,Century,1992,"€7543,41"
165,Saab,900,1986,"€6677,31"
166,Studebaker,Avanti,1962,"€9345,40"
167,Hyundai,Accent,1998,"€13440,15"
168,Audi,Quattro,1985,"€16132,31"
169,Dodge,Magnum,2007,"€24360,06"
170,Hummer,H2 SUT,2006,"€6788,35"
171,Hyundai,Accent,2013,"€20023,17"
172,Oldsmobile,Alero,2001,"€21480,13"
173,Lotus,Elise,2006,"€12179,17"
174,Chevrolet,Cobalt SS,2009,"€9682,45"
175,Nissan,Quest,2009,"€10363,25"
176,Pontiac,Bonneville,1997,"€20052,68"
177,Buick,Rendezvous,2007,"€20109,99"
178,Suzuki,SX4,2010,"€5025,34"
179,Nissan,Sentra,2012,"€19493,09"
180,Daewoo,Leganza,2000,"€16718,83"
181,Mazda,Protege,1995,"€22332,72"
182,Nissan,Rogue,2011,"€7676,51"
183,Lincoln,LS,2002,"€18379,67"
184,Audi,S6,2009,"€1153,50"
185,Lamborghini,Murciélago,2002,"€7508,23"
186,Aptera,Typ-1,2008,"€4777,75"
187,Chevrolet,Camaro,1982,"€24423,81"
188,Chrysler,Concorde,1993,"€24953,01"
189,BMW,M3,1999,"€19395,13"
190,Oldsmobile,Cutlass Cruiser,1994,"€14641,23"
191,Chrysler,Crossfire Roadster,2006,"€7956,45"
192,Nissan,300ZX,1996,"€23282,21"
193,Ford,Explorer,2013,"€23786,86"
194,Mitsubishi,Galant,2000,"€5968,82"
195,Volvo,S80,2009,"€20155,36"
196,Chevrolet,Suburban 2500,2012,"€5681,08"
197,Mercedes-Benz,SL-Class,2005,"€8479,58"
198,Toyota,Corolla,1997,"€14347,40"
199,Mercedes-Benz,CLS-Class,2007,"€12734,22"
200,Audi,S8,2002,"€21317,81"
201,BMW,7 Series,2002,"€15200,88"
202,Ford,Excursion,2002,"€13528,17"
203,Toyota,Prius,2003,"€23754,45"
204,Dodge,Ram Van B250,1994,"€1648,44"
205,Acura,TSX,2012,"€18800,31"
206,Jaguar,XK,2011,"€7916,11"
207,Dodge,Dakota,2000,"€7957,87"
208,Jaguar,XF,2009,"€20538,63"
209,Plymouth,Laser,1989,"€24491,68"
210,Land Rover,Defender,1995,"€20566,57"
211,Isuzu,Rodeo Sport,2002,"€18261,40"
212,Buick,Skyhawk,1988,"€12513,64"
213,Aston Martin,Vanquish S,2005,"€8478,44"
214,Ferrari,599 GTB Fiorano,2009,"€10655,72"
215,Mitsubishi,Outlander,2010,"€3072,83"
216,Nissan,200SX,1996,"€1233,06"
217,Volkswagen,Golf,1994,"€14105,74"
218,Dodge,Dakota,1996,"€3710,30"
219,Ford,Expedition,2006,"€7769,95"
220,Mercury,Capri,1991,"€9291,69"
221,Lincoln,Town Car,1994,"€11904,84"
222,Kia,Sedona,2003,"€17559,47"
223,Honda,Passport,2001,"€23997,03"
224,Audi,A5,2008,"€16360,55"
225,Kia,Sportage,2008,"€22372,47"
226,Dodge,Neon,2000,"€14362,14"
227,GMC,Envoy,2005,"€12114,01"
228,Chevrolet,Silverado 3500,2005,"€1784,07"
229,BMW,525,2005,"€18374,26"
230,Dodge,Daytona,1984,"€22878,11"
231,Porsche,Cayenne,2008,"€22713,27"
232,Buick,Riviera,1988,"€10984,31"
233,BMW,X5,2004,"€9818,99"
234,Infiniti,G35,2004,"€18392,22"
235,Porsche,Cayman,2011,"€24070,95"
236,Lincoln,Mark VII,1992,"€5442,71"
237,Ford,Mustang,1988,"€4676,48"
238,GMC,Sierra 1500,2011,"€16005,92"
239,Pontiac,GTO,1968,"€6996,89"
240,Toyota,Highlander,2008,"€7169,90"
241,Toyota,Tundra,2009,"€11685,63"
242,Pontiac,Parisienne,1985,"€10062,66"
243,Bentley,Arnage,2008,"€21959,88"
244,Pontiac,Sunbird,1985,"€24447,13"
245,Bentley,Azure,2010,"€5724,35"
246,Jaguar,X-Type,2005,"€2963,98"
247,Dodge,Ram 2500,1995,"€20754,37"
248,Cadillac,Escalade EXT,2007,"€19193,98"
249,Pontiac,6000,1991,"€15956,09"
250,Chevrolet,Silverado 1500,1999,"€1077,03"
251,Mitsubishi,Galant,2002,"€13369,18"
252,Lincoln,Aviator,2004,"€2475,90"
253,Plymouth,Grand Voyager,1992,"€17976,89"
254,Lexus,HS,2012,"€19565,45"
255,Pontiac,Aztek,2003,"€7378,60"
256,Buick,Skylark,1986,"€4089,84"
257,Chrysler,LHS,2000,"€6221,13"
258,Dodge,Ram 2500,2008,"€18859,15"
259,Aston Martin,DBS,2011,"€12274,54"
260,Hyundai,Tucson,2006,"€24037,98"
261,Lincoln,MKZ,2012,"€5100,44"
262,Chrysler,300M,2002,"€19573,61"
263,Buick,LaCrosse,2010,"€1895,97"
264,GMC,Yukon XL 2500,2006,"€1932,03"
265,Maserati,Coupe,2006,"€18752,40"
266,Saturn,Astra,2009,"€20694,44"
267,Dodge,Ram 2500,2008,"€11157,50"
268,Chevrolet,Suburban,2007,"€10018,71"
269,Honda,Civic,1980,"€8512,15"
270,Subaru,Tribeca,2007,"€12739,06"
271,Oldsmobile,Alero,2000,"€14754,94"
272,Lincoln,LS,2001,"€6580,74"
273,Chevrolet,Silverado 3500,2012,"€18995,65"
274,Ford,Explorer,2002,"€17304,42"
275,Ford,Thunderbird,1983,"€10484,39"
276,Mazda,B-Series,2009,"€20612,68"
277,Pontiac,Safari,1989,"€5957,47"
278,Cadillac,Escalade ESV,2006,"€22135,60"
279,Volvo,S80,2001,"€21471,75"
280,Lincoln,Town Car,1998,"€10438,72"
281,Scion,tC,2013,"€8411,63"
282,Pontiac,G6,2009,"€5824,05"
283,Chevrolet,HHR,2006,"€18438,95"
284,Oldsmobile,Cutlass Supreme,1992,"€13901,42"
285,Mazda,RX-7,1992,"€3964,33"
286,Porsche,Cayman,2007,"€22936,26"
287,Dodge,Ram 3500,2006,"€23238,25"
288,Oldsmobile,Regency,1997,"€13197,06"
289,Land Rover,LR2,2008,"€7388,43"
290,BMW,525,2001,"€20337,93"
291,Mercedes-Benz,300SL,1992,"€8554,61"
292,Nissan,Murano,2009,"€10776,36"
293,Volkswagen,Golf,2001,"€11933,16"
294,Mercedes-Benz,C-Class,1999,"€16424,92"
295,Mitsubishi,Mighty Max,1992,"€7888,35"
296,GMC,Canyon,2012,"€23014,36"
297,Lincoln,Town Car,2003,"€2619,83"
298,Lexus,LX,2009,"€4466,62"
299,Volvo,940,1995,"€11060,05"
300,Nissan,Maxima,2000,"€4060,34"
301,Volvo,S40,2001,"€15779,44"
302,Oldsmobile,Silhouette,2004,"€19944,85"
303,GMC,Sierra 1500,2000,"€15918,11"
304,Bentley,Continental,2005,"€10988,09"
305,Hyundai,Veloster,2012,"€23479,30"
306,Toyota,Tacoma Xtra,1996,"€4805,37"
307,Ford,Thunderbird,1955,"€20875,63"
308,Kia,Amanti,2004,"€10121,16"
309,Mercury,Mountaineer,2009,"€19006,97"
310,Mitsubishi,Cordia,1988,"€10549,45"
311,Subaru,Baja,2005,"€8781,67"
312,Ford,F350,1992,"€20650,53"
313,Ford,Bronco II,1988,"€18271,34"
314,GMC,Sierra 2500,2003,"€6943,26"
315,Honda,Insight,2004,"€22700,28"
316,Pontiac,Torrent,2006,"€7236,55"
317,Infiniti,QX,2001,"€15283,56"
318,Ford,E350,2007,"€21157,76"
319,Chrysler,Grand Voyager,2000,"€14472,97"
320,Subaru,Impreza,1998,"€19047,04"
321,Chevrolet,Corvette,2007,"€11442,53"
322,Porsche,Boxster,1997,"€16355,94"
323,GMC,Sierra 2500,2007,"€7327,51"
324,Chevrolet,Cavalier,1998,"€20016,41"
325,Cadillac,DTS,2006,"€24408,01"
326,Ford,F350,2006,"€22876,09"
327,Toyota,Tacoma,2000,"€24087,63"
328,Dodge,Colt,1989,"€23856,30"
329,Ford,Fusion,2007,"€10353,88"
330,Alfa Romeo,164,1994,"€13427,13"
331,Dodge,Ram Van B250,1992,"€2304,96"
332,Audi,A6,2012,"€17187,05"
333,Pontiac,GTO,1971,"€23293,56"
334,Dodge,Stealth,1996,"€10955,14"
335,Mitsubishi,Lancer,2003,"€3731,27"
336,Volkswagen,Golf,1988,"€19159,51"
337,Ford,Fusion,2007,"€14900,35"
338,Subaru,XT,1989,"€1827,94"
339,Toyota,Avalon,2007,"€6399,30"
340,Infiniti,G,1999,"€16246,07"
341,Saturn,Ion,2007,"€7161,33"
342,Mazda,MX-6,1992,"€5698,63"
343,BMW,7 Series,1996,"€18862,40"
344,Buick,Regal,1992,"€20334,91"
345,Volvo,XC70,2005,"€20202,50"
346,Honda,Odyssey,2002,"€7213,22"
347,GMC,Sonoma,1997,"€2852,94"
348,Acura,RL,2002,"€9153,83"
349,Chevrolet,Avalanche 1500,2006,"€2861,95"
350,Honda,Prelude,2000,"€8139,76"
351,Ford,Crown Victoria,1992,"€15739,98"
352,Mazda,MX-3,1992,"€24386,19"
353,Acura,Vigor,1993,"€10962,17"
354,Buick,Regal,1987,"€1966,61"
355,Kia,Spectra,2004,"€22853,92"
356,Ford,E150,2005,"€11969,19"
357,Buick,LeSabre,1995,"€21716,81"
358,Ford,Fusion,2009,"€8043,81"
359,Volvo,940,1995,"€20520,51"
360,Subaru,Impreza,1997,"€12276,42"
361,Audi,V8,1991,"€4315,40"
362,Ford,Escape,2001,"€23381,97"
363,Buick,Regal,1988,"€7298,15"
364,Honda,CR-V,1998,"€20895,08"
365,BMW,X6 M,2010,"€8831,50"
366,Chevrolet,Colorado,2010,"€11275,39"
367,Audi,A4,2011,"€16958,93"
368,Toyota,Prius,2001,"€5101,44"
369,Nissan,Maxima,1999,"€20689,76"
370,GMC,1500 Club Coupe,1996,"€17145,22"
371,Ford,EXP,1986,"€8503,04"
372,Isuzu,VehiCROSS,1999,"€3094,49"
373,Pontiac,Grand Am,1992,"€5715,63"
374,Volvo,850,1994,"€24341,19"
375,Buick,Regal,2004,"€17829,09"
376,Hyundai,Equus,2013,"€3420,52"
377,Buick,LaCrosse,2006,"€12725,68"
378,Lotus,Esprit,1990,"€9576,42"
379,Mercedes-Benz,C-Class,2007,"€10082,96"
380,Chevrolet,Astro,2001,"€22734,95"
381,Volvo,S70,2000,"€12643,95"
382,GMC,Sonoma,1992,"€11133,97"
383,Toyota,Camry,2002,"€3417,18"
384,Mitsubishi,Lancer,2002,"€6967,88"
385,Pontiac,Trans Sport,1990,"€16923,66"
386,Cadillac,Escalade ESV,2008,"€3685,93"
387,Toyota,Supra,1996,"€19368,96"
388,Mercury,Topaz,1984,"€19856,12"
389,GMC,Savana 3500,2006,"€7012,63"
390,Chevrolet,Sportvan G30,1994,"€18965,22"
391,Toyota,4Runner,2002,"€14909,96"
392,Infiniti,G25,2011,"€12062,33"
393,Ford,Aspire,1994,"€5329,27"
394,Cadillac,Catera,1999,"€14463,00"
395,Subaru,XT,1987,"€2925,23"
396,Volvo,S80,2010,"€14920,97"
397,BMW,5 Series,2010,"€6708,03"
398,Mazda,Miata MX-5,1993,"€3865,25"
399,Chevrolet,Corvette,1970,"€6459,55"
400,Cadillac,CTS,2011,"€13448,19"
401,GMC,Savana 2500,1997,"€3059,31"
402,Kia,Amanti,2007,"€3192,05"
403,Land Rover,Defender 90,1994,"€22882,51"
404,Chevrolet,Express 2500,2001,"€14638,92"
405,Ford,E-Series,2012,"€7354,88"
406,Lamborghini,Diablo,1994,"€10517,45"
407,Ford,E-Series,1992,"€1343,62"
408,Volvo,S40,2008,"€23051,66"
409,Jaguar,XK Series,1999,"€2914,23"
410,Mercury,Grand Marquis,1988,"€9606,96"
411,Chevrolet,S10,1992,"€6453,41"
412,Chrysler,Concorde,1999,"€22032,34"
413,Mercedes-Benz,CLS-Class,2009,"€12902,77"
414,Ford,F-Series,1988,"€19076,42"
415,Toyota,Highlander,2001,"€17914,43"
416,Volvo,V40,2003,"€9599,71"
417,Honda,Element,2004,"€5997,44"
418,Chevrolet,Classic,2005,"€7585,72"
419,Mercury,Grand Marquis,2002,"€5144,89"
420,Ford,Taurus,1995,"€22044,30"
421,Volvo,S60,2007,"€23208,73"
422,Toyota,Matrix,2007,"€19644,58"
423,Jeep,Cherokee,1994,"€6892,00"
424,Mercedes-Benz,W123,1977,"€18050,68"
425,Honda,Element,2004,"€7364,73"
426,Chevrolet,Express 3500,2005,"€17939,62"
427,Chevrolet,Blazer,2004,"€18333,47"
428,Honda,Civic,1999,"€18278,12"
429,Mercury,Tracer,1995,"€3619,97"
430,BMW,M3,2011,"€16089,57"
431,Pontiac,6000,1989,"€15449,15"
432,GMC,1500,1992,"€2528,13"
433,Mitsubishi,Pajero,2000,"€9439,09"
434,Buick,LeSabre,1994,"€17926,91"
435,Oldsmobile,Cutlass Supreme,1995,"€21109,97"
436,Kia,Spectra,2005,"€19242,86"
437,Mazda,626,1998,"€16921,28"
438,Chrysler,Sebring,1999,"€4010,78"
439,Lexus,ES,2009,"€15966,95"
440,Saab,9000,1986,"€5704,71"
441,Nissan,Versa,2010,"€19319,10"
442,Tesla,Roadster,2011,"€10981,66"
443,Aston Martin,Vanquish S,2005,"€14624,37"
444,Honda,Accord,2012,"€20225,68"
445,Chevrolet,Suburban 1500,2012,"€24549,60"
446,Dodge,Dakota Club,1998,"€15366,15"
447,Mazda,Mazda6,2010,"€12562,17"
448,Pontiac,Firebird Trans Am,1986,"€3003,48"
449,Buick,Enclave,2008,"€6281,35"
450,Isuzu,Ascender,2003,"€15802,61"
451,Jeep,Wrangler,2001,"€22595,70"
452,Ford,Escort,1999,"€11210,46"
453,Lincoln,MKZ,2012,"€22348,50"
454,Volvo,C70,2000,"€8402,50"
455,BMW,760,2003,"€3471,52"
456,Toyota,RAV4,2002,"€21898,60"
457,GMC,Sierra 3500,2002,"€17682,11"
458,Porsche,911,1997,"€1170,27"
459,Suzuki,SJ,1987,"€21699,79"
460,Mitsubishi,Montero,2004,"€11157,85"
461,Jeep,Wrangler,2011,"€20412,67"
462,Cadillac,XLR-V,2009,"€21919,41"
463,Honda,Passport,2000,"€5623,00"
464,Dodge,Neon,2001,"€4688,20"
465,Plymouth,Fury,1964,"€9036,29"
466,Ford,F450,2012,"€12733,30"
467,Panoz,Esperante,2005,"€1215,79"
468,Toyota,Solara,2001,"€10035,12"
469,Pontiac,6000,1986,"€14322,74"
470,Ford,Crown Victoria,1998,"€7813,12"
471,Porsche,928,1986,"€13229,77"
472,Mazda,323,1993,"€9505,50"
473,Toyota,Yaris,2008,"€4778,17"
474,Toyota,Land Cruiser,2010,"€10340,17"
475,Mitsubishi,Expo,1993,"€20776,20"
476,Hummer,H2 SUV,2006,"€6254,93"
477,Hyundai,Genesis,2009,"€23079,72"
478,Volvo,C70,2003,"€8832,41"
479,Ford,E-Series,2004,"€14688,35"
480,Ford,F250,2000,"€5020,43"
481,Lincoln,Continental,2001,"€22488,52"
482,Volvo,S60,2006,"€16893,04"
483,Volkswagen,Touareg,2008,"€13239,77"
484,Infiniti,Q,2004,"€22460,67"
485,Ford,F-Series,1996,"€1419,31"
486,Chrysler,Concorde,1994,"€11575,98"
487,Mitsubishi,Mirage,1993,"€21440,19"
488,GMC,Rally Wagon G3500,1995,"€3411,33"
489,Mitsubishi,Montero Sport,2000,"€23998,32"
490,Oldsmobile,Alero,2001,"€2263,20"
491,Chevrolet,3500,1994,"€7801,74"
492,Nissan,Frontier,1999,"€4461,86"
493,Suzuki,XL7,2007,"€5473,87"
494,Cadillac,SRX,2004,"€22463,44"
495,Mercury,Grand Marquis,1989,"€10527,23"
496,Mercedes-Benz,C-Class,2008,"€1104,84"
497,Mitsubishi,Mirage,1989,"€3842,20"
498,Lincoln,MKZ,2009,"€13983,74"
499,Lexus,CT,2012,"€5946,92"
500,Lincoln,Continental,1987,"€19112,50"
501,Mitsubishi,3000GT,1993,"€24866,41"
502,Oldsmobile,Achieva,1998,"€12216,36"
503,Land Rover,Freelander,2005,"€20726,66"
504,Chevrolet,Express 1500,2000,"€17112,11"
505,Chevrolet,Astro,1995,"€11596,47"
506,Ford,Explorer,2000,"€16494,88"
507,Chevrolet,3500,1999,"€24403,57"
508,Lincoln,Continental,1985,"€16324,72"
509,Toyota,Solara,2005,"€14557,36"
510,GMC,Sierra 3500,2004,"€9754,47"
511,Cadillac,STS,2008,"€3835,17"
512,Ford,Crown Victoria,2008,"€10995,27"
513,Land Rover,Range Rover,2007,"€22742,70"
514,Bentley,Continental GT,2012,"€24651,56"
515,GMC,Savana 3500,1997,"€16857,79"
516,Plymouth,Breeze,1997,"€19033,25"
517,Aston Martin,Rapide,2012,"€3891,17"
518,Eagle,Talon,1994,"€13254,49"
519,Infiniti,G,1999,"€18270,20"
520,Chevrolet,TrailBlazer,2008,"€20470,33"
521,Pontiac,Grand Prix,1986,"€24208,45"
522,Buick,Roadmaster,1994,"€5950,17"
523,Pontiac,Firefly,1986,"€2340,55"
524,Hyundai,Accent,2012,"€6460,66"
525,Ferrari,F430,2006,"€8743,66"
526,Dodge,Dakota,2005,"€23545,13"
527,BMW,Z8,2001,"€5858,66"
528,Oldsmobile,Silhouette,1997,"€6146,63"
529,Chevrolet,Corvette,1994,"€11807,45"
530,Mazda,CX-9,2012,"€8564,47"
531,Nissan,Armada,2009,"€13233,57"
532,Subaru,Baja,2005,"€19268,36"
533,Plymouth,Voyager,1995,"€23266,19"
534,Acura,MDX,2011,"€2156,02"
535,Mitsubishi,Raider,2006,"€9687,46"
536,Audi,TT,2000,"€20304,99"
537,Volkswagen,GTI,1988,"€6123,94"
538,Lincoln,MKS,2012,"€4326,23"
539,Lexus,LS,2010,"€16616,04"
540,Kia,Optima,2009,"€18492,80"
541,Honda,Civic,2001,"€23474,96"
542,Saab,9-7X,2006,"€1941,96"
543,Buick,Park Avenue,2005,"€19467,05"
544,GMC,Suburban 1500,1994,"€3493,91"
545,Chrysler,Pacifica,2005,"€2006,74"
546,Dodge,Dakota,2010,"€4143,70"
547,Chevrolet,Lumina,1998,"€5191,92"
548,Chevrolet,Avalanche,2010,"€17179,60"
549,Mercedes-Benz,S-Class,2005,"€22824,63"
550,GMC,Savana 2500,2009,"€10111,15"
551,Chevrolet,Avalanche 1500,2005,"€4341,43"
552,Subaru,SVX,1992,"€7855,03"
553,Mitsubishi,Diamante,1994,"€10952,54"
554,Lexus,ES,1999,"€19436,06"
555,Oldsmobile,Aurora,2001,"€18208,47"
556,Mitsubishi,Montero Sport,2004,"€17776,45"
557,GMC,Sonoma,2003,"€12132,38"
558,Honda,Odyssey,2003,"€12711,01"
559,Oldsmobile,Silhouette,1992,"€12644,94"
560,BMW,X5 M,2011,"€19316,85"
561,Chrysler,Town & Country,1992,"€7785,67"
562,GMC,Canyon,2004,"€8093,78"
563,Ram,1500,2012,"€17382,40"
564,Ford,E250,2011,"€3661,59"
565,Lotus,Elan,1993,"€16810,77"
566,Lincoln,Town Car,1998,"€20994,13"
567,Volvo,S70,2000,"€14874,46"
568,Lexus,LS,2012,"€21281,85"
569,Volkswagen,R32,2008,"€22472,13"
570,Smart,Fortwo,2008,"€15409,90"
571,Subaru,Impreza,2008,"€13295,41"
572,Toyota,Paseo,1995,"€8415,89"
573,Volvo,S80,2012,"€24653,95"
574,Cadillac,Escalade ESV,2012,"€24049,81"
575,Pontiac,Bonneville,1984,"€5488,97"
576,Dodge,Ram 1500,2007,"€22678,21"
577,Dodge,Neon,2002,"€5682,68"
578,Mercedes-Benz,CLK-Class,2006,"€22772,97"
579,Chrysler,Cirrus,1997,"€15819,83"
580,Mazda,Miata MX-5,1997,"€8548,12"
581,MINI,Cooper,2011,"€1310,97"
582,Audi,A5,2012,"€4903,33"
583,Ford,Escort ZX2,2003,"€11011,34"
584,Pontiac,Bonneville,1986,"€7381,48"
585,Lotus,Esprit,1988,"€10655,83"
586,Hyundai,Santa Fe,2012,"€6842,60"
587,Dodge,Ram Van B250,1994,"€21340,85"
588,Toyota,T100,1997,"€4843,53"
589,Pontiac,Firebird,1968,"€12685,84"
590,Ford,Laser,1985,"€12633,59"
591,Pontiac,Trans Sport,1997,"€17705,85"
592,Ford,Crown Victoria,1996,"€13275,75"
593,Chevrolet,Corvette,1958,"€24987,76"
594,Dodge,Ram Van 2500,1995,"€20705,57"
595,Chevrolet,Blazer,2000,"€15748,16"
596,Ford,Club Wagon,1993,"€21794,03"
597,Ram,2500,2012,"€21771,68"
598,Chevrolet,Corvette,2002,"€18469,76"
599,Ford,F250,2006,"€15502,33"
600,Maserati,Biturbo,1986,"€20659,00"
601,Audi,A4,2001,"€20869,79"
602,Toyota,Camry,2003,"€18431,56"
603,Chevrolet,Silverado 3500,2012,"€18108,22"
604,Jaguar,XJ,2012,"€2438,41"
605,Jeep,Cherokee,1994,"€15204,67"
606,Plymouth,Voyager,1992,"€12099,87"
607,Mazda,Navajo,1991,"€6305,47"
608,Volkswagen,Jetta,1991,"€15486,34"
609,Jeep,Compass,2011,"€13115,23"
610,Saturn,Relay,2007,"€13209,19"
611,Chevrolet,S10 Blazer,1993,"€22320,13"
612,Mitsubishi,Galant,2010,"€12909,96"
613,Nissan,370Z,2010,"€8034,46"
614,Infiniti,G,1992,"€22074,34"
615,Mercedes-Benz,CL-Class,2000,"€2827,40"
616,Ford,Explorer,2009,"€10873,57"
617,Kia,Sportage,2002,"€3782,14"
618,Honda,Civic Si,2005,"€18141,06"
619,Holden,VS Commodore,1995,"€8924,44"
620,Ford,Thunderbird,1986,"€18959,69"
621,Land Rover,Defender,1997,"€22801,37"
622,Lamborghini,Gallardo,2006,"€20732,95"
623,Saab,9000,1997,"€18900,36"
624,Infiniti,Q,2002,"€4574,85"
625,Lexus,LX,2011,"€18991,91"
626,Honda,Insight,2012,"€9367,27"
627,Infiniti,G,2003,"€6419,86"
628,Mitsubishi,Endeavor,2005,"€4178,60"
629,Scion,tC,2008,"€17933,97"
630,Ford,Bronco,1990,"€4819,56"
631,Toyota,RAV4,2002,"€1657,10"
632,Nissan,370Z,2009,"€13533,61"
633,Maybach,Landaulet,2012,"€21905,80"
634,Toyota,Tercel,1994,"€24842,83"
635,Chrysler,Cirrus,1995,"€13409,93"
636,Ford,F450,2011,"€17232,01"
637,Volkswagen,Jetta,1986,"€11111,43"
638,GMC,Jimmy,1997,"€7727,65"
639,Subaru,Legacy,1991,"€20488,68"
640,Mercedes-Benz,SL-Class,1992,"€18208,49"
641,Ford,Aerostar,1993,"€21288,14"
642,Lincoln,Town Car,1988,"€14977,26"
643,Mazda,929,1994,"€12791,00"
644,Volvo,S80,2004,"€23753,03"
645,Hyundai,Accent,2000,"€7933,06"
646,BMW,7 Series,2004,"€1190,76"
647,Dodge,Caravan,1998,"€14041,31"
648,Isuzu,Rodeo,1996,"€14850,69"
649,Kia,Carens,2009,"€14991,79"
650,Mazda,RX-7,1987,"€4377,86"
651,Lexus,RX Hybrid,2008,"€16106,28"
652,Lexus,RX,2002,"€11839,27"
653,BMW,525,2003,"€23594,56"
654,BMW,3 Series,1997,"€22328,50"
655,Chevrolet,Corvette,1989,"€3166,71"
656,Dodge,Intrepid,1994,"€15119,00"
657,Ford,Escort,1986,"€16852,62"
658,Acura,TSX,2006,"€12711,03"
659,GMC,Sierra 3500,2011,"€9082,32"
660,Mazda,B2600,1989,"€11099,72"
661,MINI,Clubman,2010,"€22320,37"
662,Toyota,Prius,2011,"€12137,59"
663,Chevrolet,Monte Carlo,1999,"€6244,79"
664,BMW,X6 M,2011,"€5708,41"
665,Mitsubishi,Galant,2012,"€17772,97"
666,Cadillac,CTS,2003,"€9228,77"
667,Ford,Econoline E350,1994,"€6475,28"
668,Honda,Element,2007,"€20559,61"
669,Toyota,Land Cruiser,2003,"€4668,74"
670,Porsche,911,2003,"€3767,03"
671,Mercedes-Benz,M-Class,2012,"€8506,30"
672,Toyota,Corolla,2008,"€4568,90"
673,Kia,Rio,2008,"€16489,35"
674,Saturn,Aura,2008,"€16731,37"
675,Chevrolet,Aveo,2011,"€11928,04"
676,Chevrolet,Malibu,2011,"€7610,51"
677,Buick,Century,1999,"€1612,75"
678,Chevrolet,Camaro,2012,"€3635,83"
679,Dodge,Ram 2500,2004,"€13917,74"
680,Buick,Century,1985,"€21893,94"
681,Acura,MDX,2005,"€24367,64"
682,Audi,TT,2008,"€7888,46"
683,Chevrolet,Cavalier,1994,"€20003,48"
684,Honda,Element,2011,"€11046,52"
685,Volkswagen,Jetta,1986,"€15148,12"
686,Ford,F150,2003,"€10298,40"
687,Mitsubishi,Chariot,1991,"€23080,60"
688,Dodge,Ram 50,1992,"€10947,32"
689,Ford,Thunderbird,2002,"€21142,24"
690,Hyundai,Tiburon,2007,"€4475,15"
691,Buick,Riviera,1997,"€9596,97"
692,Acura,RL,2006,"€9202,91"
693,Honda,Passport,1994,"€19292,27"
694,Porsche,928,1994,"€6589,86"
695,GMC,Sonoma,2004,"€12966,65"
696,Nissan,Versa,2007,"€17081,02"
697,Chevrolet,APV,1992,"€4729,23"
698,Land Rover,Range Rover,1996,"€14029,18"
699,Mercedes-Benz,400SEL,1993,"€12752,93"
700,Audi,A8,2000,"€13254,74"
701,Dodge,Ram Van 1500,1995,"€3899,12"
702,Infiniti,QX,2011,"€19318,99"
703,Chevrolet,Tahoe,2006,"€19512,11"
704,Mitsubishi,Montero Sport,2004,"€23152,58"
705,GMC,Savana 3500,1998,"€15292,38"
706,Mazda,B-Series,1986,"€7942,22"
707,Audi,riolet,1996,"€12353,60"
708,Chevrolet,G-Series G10,1992,"€6251,14"
709,Honda,Civic,1991,"€16977,06"
710,Jeep,Wrangler,2006,"€15475,65"
711,Bentley,Azure,2010,"€10152,61"
712,BMW,Z8,2000,"€3070,98"
713,GMC,Sierra 3500,2008,"€1510,48"
714,Chevrolet,Avalanche,2007,"€13964,85"
715,Hyundai,Accent,2008,"€5492,71"
716,Ford,Explorer Sport Trac,2000,"€19641,01"
717,Mercedes-Benz,300D,1992,"€7748,32"
718,Hyundai,Veloster,2012,"€12410,02"
719,Ford,Focus,2006,"€19139,42"
720,Lexus,LS,2007,"€9600,38"
721,BMW,3 Series,1994,"€12063,17"
722,Ford,Focus,2012,"€24933,46"
723,Saturn,Ion,2003,"€22998,60"
724,Mitsubishi,Mighty Max,1986,"€7398,61"
725,Isuzu,Amigo,1994,"€4954,88"
726,Spyker,C8 Spyder Wide Body,2004,"€6869,54"
727,Pontiac,Sunfire,2005,"€15976,34"
728,Saab,900,1984,"€16375,63"
729,Mitsubishi,Truck,1985,"€12538,40"
730,GMC,Vandura 1500,1992,"€22032,38"
731,Mazda,MPV,2002,"€13543,10"
732,Saturn,Ion,2003,"€21377,95"
733,Mazda,Mazda3,2012,"€18238,23"
734,Pontiac,Grand Am,1995,"€17977,05"
735,Ford,Taurus,1993,"€5357,74"
736,Buick,Riviera,1990,"€24902,63"
737,Honda,Accord,1991,"€2724,36"
738,Suzuki,SX4,2012,"€22183,70"
739,Pontiac,Grand Prix,2006,"€7837,39"
740,Isuzu,i-350,2006,"€16386,90"
741,Honda,Accord,2008,"€18583,39"
742,Chevrolet,Express 2500,2010,"€2077,51"
743,Studebaker,Avanti,1961,"€2219,56"
744,Jeep,Liberty,2005,"€24405,54"
745,BMW,7 Series,1998,"€1516,26"
746,Audi,5000S,1984,"€16180,36"
747,Chrysler,New Yorker,1994,"€7960,57"
748,Ford,Explorer Sport Trac,2001,"€14411,41"
749,Infiniti,J,1994,"€14918,45"
750,Mercury,Grand Marquis,1990,"€1050,66"
751,Nissan,Altima,2008,"€9607,68"
752,Ford,Crown Victoria,1997,"€24085,70"
753,Jaguar,XJ Series,1992,"€8340,52"
754,Lincoln,MKS,2010,"€23504,81"
755,Geo,Storm,1992,"€15094,90"
756,Volkswagen,Golf,1997,"€6778,21"
757,Mazda,MX-3,1994,"€13172,68"
758,Dodge,Grand Caravan,1996,"€22908,97"
759,Buick,Roadmaster,1991,"€6855,16"
760,Lexus,RX Hybrid,2006,"€22259,71"
761,Ford,Escape,2013,"€15379,10"
762,Mitsubishi,Galant,1993,"€12539,00"
763,Subaru,Forester,2012,"€19900,70"
764,Isuzu,Space,1994,"€22480,65"
765,Mazda,Mazda3,2012,"€12828,60"
766,Mazda,Protege,2001,"€24136,52"
767,BMW,545,2005,"€9123,89"
768,Maybach,57,2011,"€9876,18"
769,Lincoln,Continental,1984,"€17594,94"
770,Mitsubishi,Truck,1991,"€7227,64"
771,Volvo,C70,2004,"€21771,10"
772,Hyundai,Veracruz,2011,"€16672,72"
773,Mitsubishi,Montero,2002,"€14848,45"
774,GMC,Yukon XL 2500,2010,"€14281,00"
775,BMW,Z4 M,2006,"€10024,68"
776,Mazda,MX-6,1995,"€17250,68"
777,Honda,Pilot,2004,"€4894,59"
778,Mitsubishi,Chariot,1990,"€7113,62"
779,Maserati,Gran Sport,2006,"€21368,65"
780,Pontiac,Safari,1989,"€8482,37"
781,BMW,X6,2010,"€16917,42"
782,Maserati,228,1989,"€6584,90"
783,Jeep,Comanche,1992,"€18283,89"
784,GMC,Sierra 1500,2002,"€22345,48"
785,Acura,Vigor,1992,"€3102,01"
786,Chevrolet,S10,1994,"€3075,06"
787,Hummer,H1,1995,"€14766,96"
788,Mercedes-Benz,E-Class,1993,"€16817,53"
789,Lamborghini,Gallardo,2010,"€21615,13"
790,Mercedes-Benz,SLK-Class,2011,"€19721,18"
791,Volkswagen,Jetta,1989,"€19647,46"
792,Buick,Lucerne,2009,"€23894,52"
793,Chevrolet,Express 1500,2010,"€24239,59"
794,Ram,3500,2011,"€19000,48"
795,Lexus,RX,2012,"€13953,77"
796,Nissan,Armada,2006,"€23719,45"
797,Aston Martin,Vanquish S,2005,"€3289,11"
798,Mazda,MX-5,1990,"€21427,43"
799,Mitsubishi,3000GT,1997,"€8926,13"
800,Ford,Ranger,2005,"€15244,59"
801,Buick,Electra,1987,"€2597,85"
802,Ford,E-Series,2003,"€3459,18"
803,Acura,ZDX,2012,"€15072,15"
804,Isuzu,Oasis,1996,"€5676,23"
805,Pontiac,6000,1986,"€11851,61"
806,Volvo,S80,2011,"€5244,44"
807,Mercury,Grand Marquis,1989,"€7153,54"
808,BMW,Z3,1999,"€15298,84"
809,Chrysler,Pacifica,2008,"€17989,28"
810,Hyundai,Elantra,1997,"€8536,25"
811,Geo,Metro,1995,"€8951,58"
812,GMC,Safari,1994,"€7934,77"
813,Lincoln,MKS,2010,"€4899,19"
814,Toyota,Avalon,1995,"€10423,73"
815,Cadillac,Seville,2002,"€16616,94"
816,Ford,Tempo,1987,"€17120,60"
817,Volkswagen,Eurovan,1999,"€10633,40"
818,Volkswagen,CC,2011,"€2290,62"
819,Lincoln,LS,2006,"€16305,47"
820,Land Rover,Range Rover,2000,"€17095,39"
821,Lexus,RX,2004,"€20735,68"
822,Ford,Expedition,1998,"€23386,41"
823,Hyundai,Veloster,2012,"€9032,61"
824,Toyota,Avalon,2001,"€17257,82"
825,Ford,Aerostar,1991,"€24935,37"
826,Volkswagen,New Beetle,2006,"€21184,19"
827,Ford,Escort,2004,"€14040,94"
828,Nissan,Sentra,1994,"€17736,15"
829,Honda,Passport,1997,"€7973,39"
830,Lexus,GS,2003,"€2465,49"
831,Lexus,LS Hybrid,2011,"€1969,54"
832,Toyota,Tacoma Xtra,2003,"€19032,72"
833,Infiniti,FX,2004,"€4411,29"
834,Honda,Civic,2006,"€15751,38"
835,Isuzu,i-280,2006,"€4995,39"
836,Toyota,Echo,2002,"€23485,26"
837,Mazda,MX-5,2008,"€19061,15"
838,Chevrolet,Silverado 2500,2005,"€1294,78"
839,Kia,Optima,2008,"€1329,69"
840,Isuzu,Rodeo,1999,"€17060,16"
841,Ford,F-Series Super Duty,2012,"€15431,81"
842,Ford,Ranger,1988,"€20525,02"
843,Honda,Insight,2002,"€12691,71"
844,Isuzu,i-370,2008,"€24609,12"
845,Hyundai,Veracruz,2008,"€17481,50"
846,Infiniti,EX,2012,"€20049,69"
847,Maybach,62,2007,"€13845,37"
848,Audi,5000S,1984,"€11128,89"
849,Acura,RSX,2003,"€16414,31"
850,Volkswagen,Routan,2012,"€12904,16"
851,Buick,Terraza,2007,"€22692,26"
852,Chrysler,300,2006,"€15828,64"
853,Chevrolet,Camaro,1993,"€10206,92"
854,Toyota,RAV4,1998,"€14470,96"
855,Volkswagen,GTI,1989,"€1542,92"
856,Dodge,Ram 3500,1997,"€10836,31"
857,Dodge,Caravan,1995,"€15649,20"
858,Mazda,Miata MX-5,2007,"€5177,11"
859,Ford,Bronco II,1984,"€11049,79"
860,Dodge,Ram 1500,1999,"€4144,09"
861,Mazda,B-Series Plus,2002,"€11901,83"
862,BMW,M6,2010,"€11204,29"
863,Hyundai,Genesis Coupe,2011,"€24769,32"
864,Hyundai,Sonata,2000,"€6582,62"
865,Toyota,T100,1996,"€17007,21"
866,Volkswagen,Eos,2009,"€15017,78"
867,GMC,Rally Wagon 2500,1993,"€20295,87"
868,Suzuki,SJ 410,1986,"€19886,41"
869,Bentley,Continental GT,2008,"€14588,23"
870,Mazda,Mazda6,2005,"€1935,90"
871,Infiniti,EX,2011,"€10180,84"
872,Pontiac,Grand Prix,1986,"€4501,23"
873,Ford,Econoline E150,1997,"€11326,75"
874,Ford,Escape,2006,"€18592,53"
875,Nissan,Armada,2006,"€16183,62"
876,Chevrolet,Silverado 3500,2004,"€13816,36"
877,Ford,Mustang,1979,"€14063,01"
878,Toyota,RAV4,2000,"€11683,90"
879,Nissan,370Z,2011,"€12121,20"
880,GMC,Sonoma Club Coupe,1998,"€20556,95"
881,GMC,2500 Club Coupe,1993,"€21053,69"
882,BMW,8 Series,1996,"€12195,69"
883,Ford,Econoline E250,1996,"€6662,17"
884,Nissan,GT-R,2009,"€23754,98"
885,Suzuki,Swift,1996,"€3846,34"
886,Jeep,Grand Cherokee,2012,"€2187,74"
887,Pontiac,Firebird,1996,"€23001,55"
888,Volvo,850,1993,"€13973,66"
889,Lincoln,Continental Mark VII,1987,"€22130,73"
890,Dodge,Ram 2500 Club,1999,"€24481,50"
891,Hyundai,Veloster,2013,"€11280,36"
892,Lamborghini,Diablo,2001,"€24316,19"
893,Mitsubishi,Pajero,1998,"€11648,66"
894,Porsche,911,2006,"€20922,63"
895,Volkswagen,Golf,1983,"€20683,51"
896,Mercury,Cougar,1968,"€22119,20"
897,Buick,Skylark,1987,"€19480,78"
898,Hyundai,Tucson,2012,"€23714,92"
899,Chevrolet,Caprice Classic,1993,"€2071,92"
900,Scion,tC,2012,"€3409,11"
901,Acura,Integra,1997,"€21208,73"
902,GMC,Sierra 1500,1999,"€17454,40"
903,Chrysler,PT Cruiser,2001,"€13649,64"
904,Mazda,Navajo,1992,"€20936,42"
905,BMW,7 Series,1997,"€21256,88"
906,Mazda,B-Series,1990,"€10426,92"
907,Dodge,Ram,1994,"€2790,39"
908,Volvo,740,1992,"€16662,29"
909,Mazda,626,2002,"€17427,59"
910,Bentley,Continental GTC,2007,"€13056,22"
911,Volkswagen,Cabriolet,1990,"€19630,33"
912,Hyundai,Accent,2008,"€15819,42"
913,Volkswagen,Tiguan,2012,"€3671,00"
914,Volvo,S60,2003,"€6469,73"
915,Chevrolet,Corvette,1967,"€14211,59"
916,Chevrolet,Corvette,2003,"€23875,59"
917,GMC,Savana 1500,2005,"€3938,86"
918,Jaguar,XJ Series,2000,"€19150,81"
919,Mazda,Mazda3,2006,"€16712,81"
920,Saab,9-5,2003,"€2563,98"
921,Aston Martin,Rapide,2012,"€23545,95"
922,Mercury,Grand Marquis,2002,"€23575,18"
923,Chevrolet,Silverado,2006,"€19402,63"
924,Pontiac,Sunbird,1991,"€14894,52"
925,Audi,5000S,1987,"€18033,62"
926,Kia,Sephia,1995,"€3022,74"
927,Lexus,LS,2006,"€7777,74"
928,Dodge,Caravan,2000,"€4757,54"
929,Mitsubishi,Mirage,1991,"€1618,94"
930,Cadillac,Eldorado,1995,"€23060,99"
931,Hyundai,Accent,2007,"€17669,39"
932,Pontiac,Grand Prix,1975,"€5274,09"
933,Mazda,B-Series Plus,1996,"€24832,24"
934,Mazda,MX-6,1995,"€12685,78"
935,Land Rover,Discovery,2012,"€3012,20"
936,Infiniti,G,1999,"€9844,47"
937,Buick,Somerset,1986,"€24275,46"
938,Hummer,H1,1997,"€15726,47"
939,GMC,Yukon XL 1500,2009,"€4709,68"
940,Buick,Electra,1987,"€22456,92"
941,Chevrolet,Corsica,1995,"€18925,49"
942,Mercury,Villager,2001,"€11806,23"
943,Toyota,Corolla,1995,"€24155,63"
944,Dodge,Ram 2500,2000,"€21721,30"
945,Suzuki,Esteem,2000,"€5582,68"
946,Chevrolet,Silverado 2500,2000,"€24111,56"
947,Saab,9000,1999,"€11219,59"
948,Mazda,Mazda5,2012,"€24784,67"
949,Ford,Aerostar,1987,"€18740,33"
950,Pontiac,Firebird,1989,"€3527,25"
951,Dodge,Grand Caravan,1994,"€9419,94"
952,Volkswagen,Eurovan,1999,"€10687,83"
953,Mercury,Grand Marquis,1986,"€11861,35"
954,Mazda,Familia,1986,"€11753,54"
955,Hyundai,Santa Fe,2011,"€6571,24"
956,Toyota,Corolla,1993,"€6854,23"
957,Oldsmobile,Achieva,1994,"€24951,67"
958,Mazda,B-Series,1993,"€4390,08"
959,Jeep,Grand Cherokee,1994,"€11437,59"
960,Buick,LaCrosse,2012,"€7642,83"
961,Oldsmobile,Ciera,1996,"€1160,94"
962,Toyota,Cressida,1992,"€4512,26"
963,BMW,M3,2009,"€15639,85"
964,Bentley,Azure,2007,"€13884,76"
965,Mazda,MX-5,2009,"€22225,47"
966,Ford,E-Series,2010,"€9735,31"
967,Chevrolet,Suburban 1500,2009,"€4235,06"
968,Jeep,Grand Cherokee,1998,"€11391,80"
969,Buick,Park Avenue,1999,"€4704,19"
970,Audi,A4,2000,"€9348,30"
971,Suzuki,SJ,1992,"€24199,76"
972,Chevrolet,Corvette,1963,"€22992,03"
973,Mercedes-Benz,C-Class,2007,"€16675,70"
974,Chevrolet,Camaro,1969,"€16154,17"
975,Oldsmobile,Silhouette,1993,"€6516,93"
976,Infiniti,G,2002,"€18645,47"
977,Buick,Skylark,1987,"€13123,20"
978,Ford,Bronco,1996,"€10955,26"
979,Maserati,Karif,1990,"€1796,86"
980,Toyota,Supra,1996,"€2928,09"
981,Buick,Riviera,1998,"€11807,83"
982,Chevrolet,Silverado 3500,2005,"€11956,82"
983,Ford,Econoline E250,1993,"€14152,07"
984,Toyota,Solara,2003,"€5315,12"
985,Mercury,Cougar,1990,"€23438,22"
986,Dodge,Ram 2500,1996,"€8587,31"
987,Ford,Econoline E150,2000,"€10236,28"
988,Chrysler,Town & Country,2010,"€20239,78"
989,Mazda,626,1994,"€18336,07"
990,Ford,E-Series,1988,"€7647,97"
991,Lincoln,Continental Mark VII,1988,"€6730,39"
992,Porsche,928,1990,"€1143,78"
993,Isuzu,Ascender,2004,"€23121,98"
994,Nissan,Quest,1999,"€14851,02"
995,Ferrari,612 Scaglietti,2008,"€4414,66"
996,Daihatsu,Rocky,1992,"€1846,12"
997,Acura,RL,2011,"€3393,93"
998,Pontiac,GTO,1973,"€6198,18"
999,GMC,Sonoma,2004,"€12685,80"
1000,Dodge,Ram 1500 Club,2000,"€14328,93"
